--
-- PostgreSQL database dump
--

-- Dumped from database version 12.17 (Ubuntu 12.17-1.pgdg22.04+1)
-- Dumped by pg_dump version 12.17 (Ubuntu 12.17-1.pgdg22.04+1)

SET statement_timeout = 0;
SET lock_timeout = 0;
SET idle_in_transaction_session_timeout = 0;
SET client_encoding = 'UTF8';
SET standard_conforming_strings = on;
SELECT pg_catalog.set_config('search_path', '', false);
SET check_function_bodies = false;
SET xmloption = content;
SET client_min_messages = warning;
SET row_security = off;

DROP DATABASE universe;
--
-- Name: universe; Type: DATABASE; Schema: -; Owner: freecodecamp
--

CREATE DATABASE universe WITH TEMPLATE = template0 ENCODING = 'UTF8' LC_COLLATE = 'C.UTF-8' LC_CTYPE = 'C.UTF-8';


ALTER DATABASE universe OWNER TO freecodecamp;

\connect universe

SET statement_timeout = 0;
SET lock_timeout = 0;
SET idle_in_transaction_session_timeout = 0;
SET client_encoding = 'UTF8';
SET standard_conforming_strings = on;
SELECT pg_catalog.set_config('search_path', '', false);
SET check_function_bodies = false;
SET xmloption = content;
SET client_min_messages = warning;
SET row_security = off;

SET default_tablespace = '';

SET default_table_access_method = heap;

--
-- Name: galaxy; Type: TABLE; Schema: public; Owner: freecodecamp
--

CREATE TABLE public.galaxy (
    galaxy_id integer NOT NULL,
    name character varying(255) NOT NULL,
    type text NOT NULL,
    diameter_km numeric(12,2) NOT NULL,
    contains_life boolean NOT NULL
);


ALTER TABLE public.galaxy OWNER TO freecodecamp;

--
-- Name: galaxy_galaxy_id_seq; Type: SEQUENCE; Schema: public; Owner: freecodecamp
--

CREATE SEQUENCE public.galaxy_galaxy_id_seq
    AS integer
    START WITH 1
    INCREMENT BY 1
    NO MINVALUE
    NO MAXVALUE
    CACHE 1;


ALTER TABLE public.galaxy_galaxy_id_seq OWNER TO freecodecamp;

--
-- Name: galaxy_galaxy_id_seq; Type: SEQUENCE OWNED BY; Schema: public; Owner: freecodecamp
--

ALTER SEQUENCE public.galaxy_galaxy_id_seq OWNED BY public.galaxy.galaxy_id;


--
-- Name: moon; Type: TABLE; Schema: public; Owner: freecodecamp
--

CREATE TABLE public.moon (
    moon_id integer NOT NULL,
    name character varying(255) NOT NULL,
    planet_id integer NOT NULL,
    mass numeric(10,3) NOT NULL,
    is_habitable boolean NOT NULL
);


ALTER TABLE public.moon OWNER TO freecodecamp;

--
-- Name: moon_moon_id_seq; Type: SEQUENCE; Schema: public; Owner: freecodecamp
--

CREATE SEQUENCE public.moon_moon_id_seq
    AS integer
    START WITH 1
    INCREMENT BY 1
    NO MINVALUE
    NO MAXVALUE
    CACHE 1;


ALTER TABLE public.moon_moon_id_seq OWNER TO freecodecamp;

--
-- Name: moon_moon_id_seq; Type: SEQUENCE OWNED BY; Schema: public; Owner: freecodecamp
--

ALTER SEQUENCE public.moon_moon_id_seq OWNED BY public.moon.moon_id;


--
-- Name: planet; Type: TABLE; Schema: public; Owner: freecodecamp
--

CREATE TABLE public.planet (
    planet_id integer NOT NULL,
    name character varying(255) NOT NULL,
    star_id integer NOT NULL,
    radius_km integer NOT NULL,
    has_rings boolean NOT NULL
);


ALTER TABLE public.planet OWNER TO freecodecamp;

--
-- Name: planet_planet_id_seq; Type: SEQUENCE; Schema: public; Owner: freecodecamp
--

CREATE SEQUENCE public.planet_planet_id_seq
    AS integer
    START WITH 1
    INCREMENT BY 1
    NO MINVALUE
    NO MAXVALUE
    CACHE 1;


ALTER TABLE public.planet_planet_id_seq OWNER TO freecodecamp;

--
-- Name: planet_planet_id_seq; Type: SEQUENCE OWNED BY; Schema: public; Owner: freecodecamp
--

ALTER SEQUENCE public.planet_planet_id_seq OWNED BY public.planet.planet_id;


--
-- Name: satellite; Type: TABLE; Schema: public; Owner: freecodecamp
--

CREATE TABLE public.satellite (
    satellite_id integer NOT NULL,
    name character varying(255) NOT NULL,
    purpose text NOT NULL,
    launched boolean NOT NULL
);


ALTER TABLE public.satellite OWNER TO freecodecamp;

--
-- Name: satellite_satellite_id_seq; Type: SEQUENCE; Schema: public; Owner: freecodecamp
--

CREATE SEQUENCE public.satellite_satellite_id_seq
    AS integer
    START WITH 1
    INCREMENT BY 1
    NO MINVALUE
    NO MAXVALUE
    CACHE 1;


ALTER TABLE public.satellite_satellite_id_seq OWNER TO freecodecamp;

--
-- Name: satellite_satellite_id_seq; Type: SEQUENCE OWNED BY; Schema: public; Owner: freecodecamp
--

ALTER SEQUENCE public.satellite_satellite_id_seq OWNED BY public.satellite.satellite_id;


--
-- Name: star; Type: TABLE; Schema: public; Owner: freecodecamp
--

CREATE TABLE public.star (
    star_id integer NOT NULL,
    name character varying(255) NOT NULL,
    galaxy_id integer NOT NULL,
    temperature integer NOT NULL,
    is_main_sequence boolean NOT NULL
);


ALTER TABLE public.star OWNER TO freecodecamp;

--
-- Name: star_star_id_seq; Type: SEQUENCE; Schema: public; Owner: freecodecamp
--

CREATE SEQUENCE public.star_star_id_seq
    AS integer
    START WITH 1
    INCREMENT BY 1
    NO MINVALUE
    NO MAXVALUE
    CACHE 1;


ALTER TABLE public.star_star_id_seq OWNER TO freecodecamp;

--
-- Name: star_star_id_seq; Type: SEQUENCE OWNED BY; Schema: public; Owner: freecodecamp
--

ALTER SEQUENCE public.star_star_id_seq OWNED BY public.star.star_id;


--
-- Name: galaxy galaxy_id; Type: DEFAULT; Schema: public; Owner: freecodecamp
--

ALTER TABLE ONLY public.galaxy ALTER COLUMN galaxy_id SET DEFAULT nextval('public.galaxy_galaxy_id_seq'::regclass);


--
-- Name: moon moon_id; Type: DEFAULT; Schema: public; Owner: freecodecamp
--

ALTER TABLE ONLY public.moon ALTER COLUMN moon_id SET DEFAULT nextval('public.moon_moon_id_seq'::regclass);


--
-- Name: planet planet_id; Type: DEFAULT; Schema: public; Owner: freecodecamp
--

ALTER TABLE ONLY public.planet ALTER COLUMN planet_id SET DEFAULT nextval('public.planet_planet_id_seq'::regclass);


--
-- Name: satellite satellite_id; Type: DEFAULT; Schema: public; Owner: freecodecamp
--

ALTER TABLE ONLY public.satellite ALTER COLUMN satellite_id SET DEFAULT nextval('public.satellite_satellite_id_seq'::regclass);


--
-- Name: star star_id; Type: DEFAULT; Schema: public; Owner: freecodecamp
--

ALTER TABLE ONLY public.star ALTER COLUMN star_id SET DEFAULT nextval('public.star_star_id_seq'::regclass);


--
-- Data for Name: galaxy; Type: TABLE DATA; Schema: public; Owner: freecodecamp
--

INSERT INTO public.galaxy VALUES (1, 'Milky Way', 'Spiral', 105700.00, true);
INSERT INTO public.galaxy VALUES (2, 'Andromeda', 'Spiral', 220000.00, false);
INSERT INTO public.galaxy VALUES (3, 'Triangulum', 'Spiral', 60000.00, false);
INSERT INTO public.galaxy VALUES (4, 'Whirlpool', 'Spiral', 76000.00, false);
INSERT INTO public.galaxy VALUES (5, 'Sombrero', 'Elliptical', 50000.00, false);
INSERT INTO public.galaxy VALUES (6, 'Black Eye', 'Spiral', 50000.00, false);


--
-- Data for Name: moon; Type: TABLE DATA; Schema: public; Owner: freecodecamp
--

INSERT INTO public.moon VALUES (1, 'Moon', 3, 7.350, false);
INSERT INTO public.moon VALUES (2, 'Phobos', 4, 1.070, false);
INSERT INTO public.moon VALUES (3, 'Deimos', 4, 0.147, false);
INSERT INTO public.moon VALUES (4, 'Io', 5, 89.320, false);
INSERT INTO public.moon VALUES (5, 'Europa', 5, 48.000, true);
INSERT INTO public.moon VALUES (6, 'Ganymede', 5, 148.190, false);
INSERT INTO public.moon VALUES (7, 'Callisto', 5, 107.590, false);
INSERT INTO public.moon VALUES (8, 'Titan', 6, 134.550, true);
INSERT INTO public.moon VALUES (9, 'Rhea', 6, 23.120, false);
INSERT INTO public.moon VALUES (10, 'Iapetus', 6, 18.140, false);
INSERT INTO public.moon VALUES (11, 'Miranda', 7, 0.660, false);
INSERT INTO public.moon VALUES (12, 'Ariel', 7, 13.530, false);
INSERT INTO public.moon VALUES (13, 'Umbriel', 7, 12.220, false);
INSERT INTO public.moon VALUES (14, 'Triton', 8, 21.430, false);
INSERT INTO public.moon VALUES (15, 'Nereid', 8, 3.090, false);
INSERT INTO public.moon VALUES (16, 'Proxima B1', 9, 3.870, false);
INSERT INTO public.moon VALUES (17, 'Proxima B2', 9, 0.980, false);
INSERT INTO public.moon VALUES (18, 'Vulcan A', 11, 1.540, false);
INSERT INTO public.moon VALUES (19, 'Romulus A', 12, 5.430, false);
INSERT INTO public.moon VALUES (20, 'Romulus B', 12, 0.870, false);


--
-- Data for Name: planet; Type: TABLE DATA; Schema: public; Owner: freecodecamp
--

INSERT INTO public.planet VALUES (1, 'Mercury', 1, 2439, false);
INSERT INTO public.planet VALUES (2, 'Venus', 1, 6052, false);
INSERT INTO public.planet VALUES (3, 'Earth', 1, 6371, false);
INSERT INTO public.planet VALUES (4, 'Mars', 1, 3389, false);
INSERT INTO public.planet VALUES (5, 'Jupiter', 1, 69911, true);
INSERT INTO public.planet VALUES (6, 'Saturn', 1, 58232, true);
INSERT INTO public.planet VALUES (7, 'Uranus', 1, 25362, true);
INSERT INTO public.planet VALUES (8, 'Neptune', 1, 24622, true);
INSERT INTO public.planet VALUES (9, 'Proxima b', 2, 6371, false);
INSERT INTO public.planet VALUES (10, 'Proxima c', 2, 6052, false);
INSERT INTO public.planet VALUES (11, 'Vulcan', 5, 3389, false);
INSERT INTO public.planet VALUES (12, 'Romulus', 6, 69911, true);


--
-- Data for Name: satellite; Type: TABLE DATA; Schema: public; Owner: freecodecamp
--

INSERT INTO public.satellite VALUES (1, 'Hubble', 'Observation', true);
INSERT INTO public.satellite VALUES (2, 'Voyager 1', 'Exploration', true);
INSERT INTO public.satellite VALUES (3, 'Voyager 2', 'Exploration', true);


--
-- Data for Name: star; Type: TABLE DATA; Schema: public; Owner: freecodecamp
--

INSERT INTO public.star VALUES (1, 'Sun', 1, 5778, true);
INSERT INTO public.star VALUES (2, 'Proxima Centauri', 1, 3042, false);
INSERT INTO public.star VALUES (3, 'Betelgeuse', 2, 3500, false);
INSERT INTO public.star VALUES (4, 'Sirius', 2, 9940, true);
INSERT INTO public.star VALUES (5, 'Alpha Centauri A', 1, 5790, true);
INSERT INTO public.star VALUES (6, 'Vega', 3, 9600, true);


--
-- Name: galaxy_galaxy_id_seq; Type: SEQUENCE SET; Schema: public; Owner: freecodecamp
--

SELECT pg_catalog.setval('public.galaxy_galaxy_id_seq', 6, true);


--
-- Name: moon_moon_id_seq; Type: SEQUENCE SET; Schema: public; Owner: freecodecamp
--

SELECT pg_catalog.setval('public.moon_moon_id_seq', 20, true);


--
-- Name: planet_planet_id_seq; Type: SEQUENCE SET; Schema: public; Owner: freecodecamp
--

SELECT pg_catalog.setval('public.planet_planet_id_seq', 12, true);


--
-- Name: satellite_satellite_id_seq; Type: SEQUENCE SET; Schema: public; Owner: freecodecamp
--

SELECT pg_catalog.setval('public.satellite_satellite_id_seq', 3, true);


--
-- Name: star_star_id_seq; Type: SEQUENCE SET; Schema: public; Owner: freecodecamp
--

SELECT pg_catalog.setval('public.star_star_id_seq', 6, true);


--
-- Name: galaxy galaxy_name_key; Type: CONSTRAINT; Schema: public; Owner: freecodecamp
--

ALTER TABLE ONLY public.galaxy
    ADD CONSTRAINT galaxy_name_key UNIQUE (name);


--
-- Name: galaxy galaxy_pkey; Type: CONSTRAINT; Schema: public; Owner: freecodecamp
--

ALTER TABLE ONLY public.galaxy
    ADD CONSTRAINT galaxy_pkey PRIMARY KEY (galaxy_id);


--
-- Name: moon moon_name_key; Type: CONSTRAINT; Schema: public; Owner: freecodecamp
--

ALTER TABLE ONLY public.moon
    ADD CONSTRAINT moon_name_key UNIQUE (name);


--
-- Name: moon moon_pkey; Type: CONSTRAINT; Schema: public; Owner: freecodecamp
--

ALTER TABLE ONLY public.moon
    ADD CONSTRAINT moon_pkey PRIMARY KEY (moon_id);


--
-- Name: planet planet_name_key; Type: CONSTRAINT; Schema: public; Owner: freecodecamp
--

ALTER TABLE ONLY public.planet
    ADD CONSTRAINT planet_name_key UNIQUE (name);


--
-- Name: planet planet_pkey; Type: CONSTRAINT; Schema: public; Owner: freecodecamp
--

ALTER TABLE ONLY public.planet
    ADD CONSTRAINT planet_pkey PRIMARY KEY (planet_id);


--
-- Name: satellite satellite_name_key; Type: CONSTRAINT; Schema: public; Owner: freecodecamp
--

ALTER TABLE ONLY public.satellite
    ADD CONSTRAINT satellite_name_key UNIQUE (name);


--
-- Name: satellite satellite_pkey; Type: CONSTRAINT; Schema: public; Owner: freecodecamp
--

ALTER TABLE ONLY public.satellite
    ADD CONSTRAINT satellite_pkey PRIMARY KEY (satellite_id);


--
-- Name: star star_name_key; Type: CONSTRAINT; Schema: public; Owner: freecodecamp
--

ALTER TABLE ONLY public.star
    ADD CONSTRAINT star_name_key UNIQUE (name);


--
-- Name: star star_pkey; Type: CONSTRAINT; Schema: public; Owner: freecodecamp
--

ALTER TABLE ONLY public.star
    ADD CONSTRAINT star_pkey PRIMARY KEY (star_id);


--
-- Name: moon moon_planet_id_fkey; Type: FK CONSTRAINT; Schema: public; Owner: freecodecamp
--

ALTER TABLE ONLY public.moon
    ADD CONSTRAINT moon_planet_id_fkey FOREIGN KEY (planet_id) REFERENCES public.planet(planet_id);


--
-- Name: planet planet_star_id_fkey; Type: FK CONSTRAINT; Schema: public; Owner: freecodecamp
--

ALTER TABLE ONLY public.planet
    ADD CONSTRAINT planet_star_id_fkey FOREIGN KEY (star_id) REFERENCES public.star(star_id);


--
-- Name: star star_galaxy_id_fkey; Type: FK CONSTRAINT; Schema: public; Owner: freecodecamp
--

ALTER TABLE ONLY public.star
    ADD CONSTRAINT star_galaxy_id_fkey FOREIGN KEY (galaxy_id) REFERENCES public.galaxy(galaxy_id);


--
-- PostgreSQL database dump complete
--

